#StageId,LayerNo,GroupId,SubGroupId,EnemyId,NamedEnemyParamsId,RaidBossId,Scale,Lv,HmPresetNo,StartThinkTblNo,RepopNum,RepopCount,EnemyTargetTypesId,MontageFixNo,SetType,InfectionType,IsBossGauge,IsBossBGM,IsManualSet,IsAreaBoss,IsBloodEnemy,Unk0
1,0,0,0,0x010100,0x8,0,100,1,0,0,0,0,1,0,0,0,False,False,False,False,False,False
1,0,0,0,0x010101,0x8FA,0,100,1,0,0,0,0,1,0,0,0,False,False,False,False,False,False
1,0,0,0,0x010100,0x8FA,0,100,1,0,0,0,0,1,0,0,0,False,False,False,False,False,False
1,0,1,0,0x011200,0x8,0,100,1,0,0,0,0,1,0,0,0,False,False,False,False,False,False
1,0,1,0,0x011200,0x8,0,100,1,0,0,0,0,1,0,0,0,False,False,False,False,False,False
1,0,2,0,0x010100,0x8,0,100,1,0,0,0,0,1,0,0,0,False,False,False,False,False,False
1,0,2,0,0x010100,0x8,0,100,1,0,0,0,0,1,0,0,0,False,False,False,False,False,False
1,0,2,0,0x010103,0x8,0,100,2,0,0,0,0,1,0,0,0,False,False,False,False,False,False
1,0,2,0,0x010102,0x8,0,100,2,0,0,0,0,1,0,0,0,False,False,False,False,False,False
1,0,3,0,0x011200,0x8,0,100,1,0,0,0,0,1,0,0,0,False,False,False,False,False,False
1,0,3,0,0x011200,0x8,0,100,1,0,0,0,0,1,0,0,0,False,False,False,False,False,False
1,0,5,0,0x010102,0x8FA,0,100,1,0,0,0,0,1,0,0,0,False,False,False,False,False,False
1,0,5,0,0x010101,0x8FA,0,100,2,0,0,0,0,1,0,0,0,False,False,False,False,False,False
1,0,5,0,0x010180,0x8FA,0,100,2,0,0,0,0,1,0,0,0,False,False,False,False,False,False
1,0,5,0,0x010103,0x8FA,0,100,1,0,0,0,0,1,0,0,0,False,False,False,False,False,False
1,0,6,0,0x010300,0x8FA,0,100,4,0,0,0,0,1,0,0,0,False,False,False,False,False,False
1,0,6,0,0x010300,0x8FA,0,100,4,0,0,0,0,1,0,0,0,False,False,False,False,False,False
1,0,6,0,0x010300,0x8FA,0,100,4,0,0,0,0,1,0,0,0,False,False,False,False,False,False
1,0,6,0,0x010300,0x8FA,0,100,4,0,0,0,0,1,0,0,0,False,False,False,False,False,False
1,0,7,0,0x010100,0x8,0,100,2,0,0,0,0,1,0,0,0,False,False,False,False,False,False
1,0,7,0,0x010101,0x8,0,100,3,0,0,0,0,1,0,0,0,False,False,False,False,False,False
1,0,7,0,0x010103,0x8,0,100,2,0,0,0,0,1,0,0,0,False,False,False,False,False,False
1,0,7,0,0x010104,0x8,0,100,4,0,0,0,0,1,0,0,0,False,False,False,False,False,False
1,0,8,0,0x018300,0x8,0,100,1,0,0,0,0,1,0,0,0,False,False,False,False,False,False
1,0,8,0,0x018300,0x8,0,100,1,0,0,0,0,1,0,0,0,False,False,False,False,False,False
1,0,9,0,0x010300,0x8FA,0,100,4,0,0,0,0,1,0,0,0,False,False,False,False,False,False
1,0,9,0,0x010300,0x8FA,0,100,4,0,0,0,0,1,0,0,0,False,False,False,False,False,False
1,0,9,0,0x010300,0x8FA,0,100,4,0,0,0,0,1,0,0,0,False,False,False,False,False,False
1,0,9,0,0x010300,0x8FA,0,100,4,0,0,0,0,1,0,0,0,False,False,False,False,False,False
1,0,101,0,0x015000,0x8,0,100,16,0,0,0,0,1,0,0,0,False,False,False,False,False,False
1,0,110,0,0x010101,0x8,0,100,8,0,0,0,0,1,0,0,0,False,False,False,False,False,False
1,0,110,0,0x010600,0x8,0,100,8,0,0,0,0,1,0,0,0,False,False,False,False,False,False
1,0,111,0,0x010101,0x8,0,100,8,0,0,0,0,1,0,0,0,False,False,False,False,False,False
1,0,111,0,0x010103,0x8,0,100,8,0,0,0,0,1,0,0,0,False,False,False,False,False,False
1,0,112,0,0x010102,0x8,0,100,8,0,0,0,0,1,0,0,0,False,False,False,False,False,False
1,0,113,0,0x010103,0x8,0,100,8,0,0,0,0,1,0,0,0,False,False,False,False,False,False
1,0,113,0,0x010100,0x8,0,100,8,0,0,0,0,1,0,0,0,False,False,False,False,False,False
1,0,113,0,0x010100,0x8,0,100,8,0,0,0,0,1,0,0,0,False,False,False,False,False,False
1,0,115,0,0x018601,0x8,0,100,3,0,0,0,0,1,0,0,0,False,False,False,False,False,False
1,0,115,0,0x018601,0x8,0,100,3,0,0,0,0,1,0,0,0,False,False,False,False,False,False
1,0,118,0,0x011000,0x8FA,0,100,11,45,0,0,0,1,0,0,0,False,False,False,False,False,False
1,0,118,0,0x011006,0x8FA,0,100,12,51,0,0,0,1,0,0,0,False,False,False,False,False,False
1,0,118,0,0x011003,0x8FA,0,100,11,48,0,0,0,1,0,0,0,False,False,False,False,False,False
1,0,126,0,0x010401,0x8,0,100,21,0,0,0,0,1,0,0,0,False,False,False,False,False,False
1,0,126,0,0x010401,0x8,0,100,21,0,0,0,0,1,0,0,0,False,False,False,False,False,False
1,0,126,0,0x010400,0x8,0,100,22,0,0,0,0,1,0,0,0,False,False,False,False,False,False
1,0,128,0,0x010400,0x8,0,100,22,0,0,0,0,1,0,0,0,False,False,False,False,False,False
1,0,128,0,0x010400,0x8,0,100,21,0,0,0,0,1,0,0,0,False,False,False,False,False,False
1,0,129,0,0x011200,0x8,0,100,21,0,0,0,0,1,0,0,0,False,False,False,False,False,False
1,0,129,0,0x011200,0x8,0,100,21,0,0,0,0,1,0,0,0,False,False,False,False,False,False
1,0,129,0,0x011200,0x8,0,100,21,0,0,0,0,1,0,0,0,False,False,False,False,False,False
1,0,130,0,0x010400,0x8,0,100,21,0,0,0,0,1,0,0,0,False,False,False,False,False,False
1,0,130,0,0x010400,0x8,0,100,22,0,0,0,0,1,0,0,0,False,False,False,False,False,False
1,0,130,0,0x010400,0x8,0,100,22,0,0,0,0,1,0,0,0,False,False,False,False,False,False
1,0,133,0,0x015504,0x8,0,100,31,0,0,0,0,1,0,0,0,False,False,False,False,False,False
1,0,134,0,0x010503,0x8,0,100,31,0,0,0,0,1,0,0,0,False,False,False,False,False,False
1,0,134,0,0x010503,0x8,0,100,33,0,0,0,0,1,0,0,0,False,False,False,False,False,False
1,0,134,0,0x010501,0x8,0,100,31,0,0,0,0,1,0,0,0,False,False,False,False,False,False
1,0,137,0,0x010309,0x8,0,100,33,0,0,0,0,1,0,0,0,False,False,False,False,False,False
1,0,137,0,0x010309,0x8,0,100,33,0,0,0,0,1,0,0,0,False,False,False,False,False,False
1,0,137,0,0x010309,0x8,0,100,33,0,0,0,0,1,0,0,0,False,False,False,False,False,False
1,0,138,0,0x011200,0x8,0,100,21,0,0,0,0,1,0,0,0,False,False,False,False,False,False
1,0,138,0,0x011200,0x8,0,100,21,0,0,0,0,1,0,0,0,False,False,False,False,False,False
1,0,142,0,0x011100,0x8,0,100,33,0,0,0,0,1,0,0,0,False,False,False,False,False,False
1,0,144,0,0x010460,0x8,0,100,35,0,0,0,0,1,0,0,0,False,False,False,False,False,False
1,0,144,0,0x010460,0x8,0,100,34,0,0,0,0,1,0,0,0,False,False,False,False,False,False
1,0,144,0,0x010460,0x8,0,100,34,0,0,0,0,1,0,0,0,False,False,False,False,False,False
1,0,147,0,0x010460,0x8,0,100,34,0,0,0,0,1,0,0,0,False,False,False,False,False,False
1,0,147,0,0x010460,0x8,0,100,34,0,0,0,0,1,0,0,0,False,False,False,False,False,False
1,0,147,0,0x011100,0x8,0,100,33,0,0,0,0,1,0,0,0,False,False,False,False,False,False
1,0,153,0,0x011200,0x8,0,100,21,0,0,0,0,1,0,0,0,False,False,False,False,False,False
1,0,153,0,0x011200,0x8,0,100,21,0,0,0,0,1,0,0,0,False,False,False,False,False,False
1,0,158,0,0x010400,0x8,0,100,3,0,0,0,0,1,0,0,0,False,False,False,False,False,False
1,0,158,0,0x010400,0x8,0,100,3,0,0,0,0,1,0,0,0,False,False,False,False,False,False
1,0,158,0,0x010400,0x8,0,100,3,0,0,0,0,1,0,0,0,False,False,False,False,False,False
1,0,158,0,0x010400,0x8,0,100,3,0,0,0,0,1,0,0,0,False,False,False,False,False,False
1,0,16,0,0x010300,0x8,0,100,10,0,0,0,0,1,0,0,0,False,False,False,False,False,False
1,0,16,0,0x010300,0x8,0,100,10,0,0,0,0,1,0,0,0,False,False,False,False,False,False
1,0,16,0,0x010300,0x8,0,100,10,0,0,0,0,1,0,0,0,False,False,False,False,False,False
1,0,160,0,0x010510,0x8,0,100,23,0,0,0,0,1,0,0,0,False,False,False,False,False,False
1,0,160,0,0x010510,0x8,0,100,25,0,0,0,0,1,0,0,0,False,False,False,False,False,False
1,0,160,0,0x010510,0x8,0,100,25,0,0,0,0,1,0,0,0,False,False,False,False,False,False
1,0,161,0,0x018600,0x8,0,100,10,0,0,0,0,1,0,0,0,False,False,False,False,False,False
1,0,161,0,0x018600,0x8,0,100,10,0,0,0,0,1,0,0,0,False,False,False,False,False,False
1,0,162,0,0x010510,0x8,0,100,21,0,0,0,0,1,0,0,0,False,False,False,False,False,False
1,0,162,0,0x010510,0x8,0,100,22,0,0,0,0,1,0,0,0,False,False,False,False,False,False
1,0,163,0,0x010201,0x8,0,100,12,0,0,0,0,1,0,0,0,False,False,False,False,False,False
1,0,163,0,0x010201,0x8,0,100,12,0,0,0,0,1,0,0,0,False,False,False,False,False,False
1,0,164,0,0x010510,0x8,0,100,26,0,0,0,0,1,0,0,0,False,False,False,False,False,False
1,0,164,0,0x010510,0x8,0,100,25,0,0,0,0,1,0,0,0,False,False,False,False,False,False
1,0,164,0,0x010510,0x8,0,100,25,0,0,0,0,1,0,0,0,False,False,False,False,False,False
1,0,165,0,0x018000,0x8,0,100,10,0,0,0,0,1,0,0,0,False,False,False,False,False,False
1,0,165,0,0x018000,0x8,0,100,10,0,0,0,0,1,0,0,0,False,False,False,False,False,False
1,0,165,0,0x018000,0x8,0,100,10,0,0,0,0,1,0,0,0,False,False,False,False,False,False
1,0,165,0,0x018000,0x8,0,100,10,0,0,0,0,1,0,0,0,False,False,False,False,False,False
1,0,166,0,0x010600,0x8,0,100,25,0,0,0,0,1,0,0,0,False,False,False,False,False,False
1,0,166,0,0x010600,0x8,0,100,25,0,0,0,0,1,0,0,0,False,False,False,False,False,False
1,0,166,0,0x010600,0x8,0,100,25,0,0,0,0,1,0,0,0,False,False,False,False,False,False
1,0,167,0,0x018601,0x8,0,100,10,0,0,0,0,1,0,0,0,False,False,False,False,False,False
1,0,167,0,0x018601,0x8,0,100,10,0,0,0,0,1,0,0,0,False,False,False,False,False,False
1,0,171,0,0x010309,0x8,0,100,22,0,0,0,0,1,0,0,0,False,False,False,False,False,False
1,0,171,0,0x010309,0x8,0,100,22,0,0,0,0,1,0,0,0,False,False,False,False,False,False
1,0,175,0,0x010100,0x8,0,100,18,0,0,0,0,1,0,0,0,False,False,False,False,False,False
1,0,175,0,0x010103,0x8,0,100,18,0,0,0,0,1,0,0,0,False,False,False,False,False,False
1,0,175,0,0x010110,0x8,0,100,19,0,0,0,0,1,0,0,0,False,False,False,False,False,False
1,0,175,0,0x010113,0x8,0,100,20,0,0,0,0,1,0,0,0,False,False,False,False,False,False
1,0,175,0,0x010114,0x8,0,100,19,0,0,0,0,1,0,0,0,False,False,False,False,False,False
1,0,176,0,0x010201,0x8,0,100,21,0,0,0,0,1,0,0,0,False,False,False,False,False,False
1,0,176,0,0x010201,0x8,0,100,21,0,0,0,0,1,0,0,0,False,False,False,False,False,False
1,0,176,0,0x010201,0x8,0,100,21,0,0,0,0,1,0,0,0,False,False,False,False,False,False
1,0,176,0,0x010201,0x8,0,100,21,0,0,0,0,1,0,0,0,False,False,False,False,False,False
1,0,177,0,0x011000,0x8FA,0,100,22,45,0,0,0,1,0,0,0,False,False,False,False,False,False
1,0,177,0,0x011005,0x8FA,0,100,24,50,0,0,0,1,0,0,0,False,False,False,False,False,False
1,0,177,0,0x011004,0x8FA,0,100,21,49,0,0,0,1,0,0,0,False,False,False,False,False,False
1,0,178,0,0x010600,0x8,0,100,21,0,0,0,0,1,0,0,0,False,False,False,False,False,False
1,0,178,0,0x010600,0x8,0,100,21,0,0,0,0,1,0,0,0,False,False,False,False,False,False
1,0,178,0,0x010600,0x8,0,100,21,0,0,0,0,1,0,0,0,False,False,False,False,False,False
1,0,179,0,0x010600,0x8,0,100,21,0,0,0,0,1,0,0,0,False,False,False,False,False,False
1,0,179,0,0x010600,0x8,0,100,21,0,0,0,0,1,0,0,0,False,False,False,False,False,False
1,0,179,0,0x010600,0x8,0,100,21,0,0,0,0,1,0,0,0,False,False,False,False,False,False
1,0,18,0,0x011000,0x8FA,0,100,6,45,0,0,0,1,0,0,0,False,False,False,False,False,False
1,0,18,0,0x011000,0x8FA,0,100,6,45,0,0,0,1,0,0,0,False,False,False,False,False,False
1,0,18,0,0x011001,0x8FA,0,100,6,46,0,0,0,1,0,0,0,False,False,False,False,False,False
1,0,18,0,0x011005,0x8FA,0,100,8,50,0,0,0,1,0,0,0,False,False,False,False,False,False
1,0,181,0,0x010201,0x8,0,100,21,0,0,0,0,1,0,0,0,False,False,False,False,False,False
1,0,181,0,0x010201,0x8,0,100,21,0,0,0,0,1,0,0,0,False,False,False,False,False,False
1,0,181,0,0x010201,0x8,0,100,21,0,0,0,0,1,0,0,0,False,False,False,False,False,False
1,0,181,0,0x010201,0x8,0,100,21,0,0,0,0,1,0,0,0,False,False,False,False,False,False
1,0,182,0,0x010201,0x8,0,100,21,0,0,0,0,1,0,0,0,False,False,False,False,False,False
1,0,182,0,0x010201,0x8,0,100,21,0,0,0,0,1,0,0,0,False,False,False,False,False,False
1,0,182,0,0x010201,0x8,0,100,21,0,0,0,0,1,0,0,0,False,False,False,False,False,False
1,0,182,0,0x010201,0x8,0,100,21,0,0,0,0,1,0,0,0,False,False,False,False,False,False
1,0,190,0,0x010201,0x8,0,100,21,0,0,0,0,1,0,0,0,False,False,False,False,False,False
1,0,190,0,0x010201,0x8,0,100,21,0,0,0,0,1,0,0,0,False,False,False,False,False,False
1,0,190,0,0x010201,0x8,0,100,21,0,0,0,0,1,0,0,0,False,False,False,False,False,False
1,0,190,0,0x010201,0x8,0,100,21,0,0,0,0,1,0,0,0,False,False,False,False,False,False
1,0,191,0,0x011150,0x8,0,100,25,0,0,0,0,1,0,0,0,False,False,False,False,False,False
1,0,191,0,0x011150,0x8,0,100,25,0,0,0,0,1,0,0,0,False,False,False,False,False,False
1,0,191,0,0x011150,0x8,0,100,25,0,0,0,0,1,0,0,0,False,False,False,False,False,False
1,0,194,0,0x010201,0x8,0,100,21,0,0,0,0,1,0,0,0,False,False,False,False,False,False
1,0,194,0,0x010201,0x8,0,100,21,0,0,0,0,1,0,0,0,False,False,False,False,False,False
1,0,202,0,0x010110,0x8,0,100,28,0,0,0,0,1,0,0,0,False,False,False,False,False,False
1,0,202,0,0x010110,0x8,0,100,28,0,0,0,0,1,0,0,0,False,False,False,False,False,False
1,0,204,0,0x010110,0x8,0,100,28,0,0,0,0,1,0,0,0,False,False,False,False,False,False
1,0,204,0,0x010110,0x8,0,100,28,0,0,0,0,1,0,0,0,False,False,False,False,False,False
1,0,204,0,0x010111,0x8,0,100,29,0,0,0,0,1,0,0,0,False,False,False,False,False,False
1,0,204,0,0x010114,0x8,0,100,29,0,0,0,0,1,0,0,0,False,False,False,False,False,False
1,0,205,0,0x010500,0x8,0,100,28,0,0,0,0,1,0,0,0,False,False,False,False,False,False
1,0,205,0,0x010500,0x8,0,100,28,0,0,0,0,1,0,0,0,False,False,False,False,False,False
1,0,205,0,0x010501,0x8,0,100,28,0,0,0,0,1,0,0,0,False,False,False,False,False,False
1,0,206,0,0x010309,0x8,0,100,30,0,0,0,0,1,0,0,0,False,False,False,False,False,False
1,0,206,0,0x010309,0x8,0,100,30,0,0,0,0,1,0,0,0,False,False,False,False,False,False
1,0,206,0,0x010601,0x8,0,100,10,0,0,0,0,1,0,0,0,False,False,False,False,False,False
1,0,21,0,0x015504,0x8,0,100,12,0,0,0,0,1,0,0,0,False,False,False,False,False,False
1,0,21,0,0x015504,0x8FA,0,100,10,0,0,0,0,1,0,0,0,False,False,False,False,False,False
1,0,21,0,0x015504,0x8FA,0,100,10,0,0,0,0,1,0,0,0,False,False,False,False,False,False
1,0,210,0,0x010309,0x8,0,100,30,0,0,0,0,1,0,0,0,False,False,False,False,False,False
1,0,210,0,0x010309,0x8,0,100,30,0,0,0,0,1,0,0,0,False,False,False,False,False,False
1,0,212,0,0x011001,0x8FA,0,100,30,46,0,0,0,1,0,0,0,False,False,False,False,False,False
1,0,212,0,0x011001,0x8FA,0,100,31,46,0,0,0,1,0,0,0,False,False,False,False,False,False
1,0,212,0,0x011002,0x8FA,0,100,31,47,0,0,0,1,0,0,0,False,False,False,False,False,False
1,0,212,0,0x011000,0x8FA,0,100,31,45,0,0,0,1,0,0,0,False,False,False,False,False,False
1,0,212,0,0x011005,0x8FA,0,100,32,50,0,0,0,1,0,0,0,False,False,False,False,False,False
1,0,213,0,0x010102,0x8,0,100,10,0,0,0,0,1,0,0,0,False,False,False,False,False,False
1,0,213,0,0x010100,0x8,0,100,10,0,0,0,0,1,0,0,0,False,False,False,False,False,False
1,0,222,0,0x010201,0x8,0,100,35,0,0,0,0,1,0,0,0,False,False,False,False,False,False
1,0,222,0,0x010201,0x8,0,100,35,0,0,0,0,1,0,0,0,False,False,False,False,False,False
1,0,222,0,0x010201,0x8,0,100,35,0,0,0,0,1,0,0,0,False,False,False,False,False,False
1,0,225,0,0x010420,0x8,0,100,36,0,0,0,0,1,0,0,0,False,False,False,False,False,False
1,0,225,0,0x010420,0x8,0,100,36,0,0,0,0,1,0,0,0,False,False,False,False,False,False
1,0,235,0,0x010201,0x8,0,100,28,0,0,0,0,1,0,0,0,False,False,False,False,False,False
1,0,235,0,0x010201,0x8,0,100,28,0,0,0,0,1,0,0,0,False,False,False,False,False,False
1,0,235,0,0x010201,0x8,0,100,28,0,0,0,0,1,0,0,0,False,False,False,False,False,False
1,0,235,0,0x010201,0x8,0,100,28,0,0,0,0,1,0,0,0,False,False,False,False,False,False
1,0,236,0,0x011200,0x8,0,100,25,0,0,0,0,1,0,0,0,False,False,False,False,False,False
1,0,236,0,0x011200,0x8,0,100,25,0,0,0,0,1,0,0,0,False,False,False,False,False,False
1,0,236,0,0x011200,0x8,0,100,25,0,0,0,0,1,0,0,0,False,False,False,False,False,False
1,0,241,0,0x010195,0x8,0,100,10,0,0,0,0,1,0,0,0,False,False,False,False,False,False
1,0,249,0,0x015802,0x8,0,100,36,0,0,0,0,1,0,0,0,False,False,False,False,False,False
1,0,25,0,0x011000,0x8FA,0,100,7,45,0,0,0,1,0,0,0,False,False,False,False,False,False
1,0,25,0,0x011000,0x8FA,0,100,7,45,0,0,0,1,0,0,0,False,False,False,False,False,False
1,0,25,0,0x011001,0x8FA,0,100,7,46,0,0,0,1,0,0,0,False,False,False,False,False,False
1,0,250,0,0x015800,0x8,0,100,36,0,0,0,0,1,0,0,0,False,False,False,False,False,False
1,0,250,0,0x015800,0x8,0,100,36,0,0,0,0,1,0,0,0,False,False,False,False,False,False
1,0,250,0,0x015801,0x8,0,100,36,0,0,0,0,1,0,0,0,False,False,False,False,False,False
1,0,251,0,0x015800,0x8,0,100,36,0,0,0,0,1,0,0,0,False,False,False,False,False,False
1,0,251,0,0x015800,0x8,0,100,36,0,0,0,0,1,0,0,0,False,False,False,False,False,False
1,0,254,0,0x015800,0x8,0,100,36,0,0,0,0,1,0,0,0,False,False,False,False,False,False
1,0,254,0,0x015800,0x8,0,100,36,0,0,0,0,1,0,0,0,False,False,False,False,False,False
1,0,254,0,0x015801,0x8,0,100,36,0,0,0,0,1,0,0,0,False,False,False,False,False,False
1,0,254,0,0x015802,0x8,0,100,36,0,0,0,0,1,0,0,0,False,False,False,False,False,False
1,0,26,0,0x015000,0x8,0,100,12,0,0,0,0,1,0,0,0,False,False,False,False,False,False
1,0,264,0,0x010301,0x8,0,100,35,0,0,0,0,1,0,0,0,False,False,False,False,False,False
1,0,264,0,0x010301,0x8,0,100,35,0,0,0,0,1,0,0,0,False,False,False,False,False,False
1,0,264,0,0x010302,0x8,0,100,36,0,0,0,0,1,0,0,0,False,False,False,False,False,False
1,0,265,0,0x015801,0x8,0,100,36,0,0,0,0,1,0,0,0,False,False,False,False,False,False
1,0,265,0,0x015801,0x8,0,100,36,0,0,0,0,1,0,0,0,False,False,False,False,False,False
1,0,266,0,0x015800,0x8,0,100,36,0,0,0,0,1,0,0,0,False,False,False,False,False,False
1,0,266,0,0x015800,0x8,0,100,36,0,0,0,0,1,0,0,0,False,False,False,False,False,False
1,0,269,0,0x015802,0x8,0,100,36,0,0,0,0,1,0,0,0,False,False,False,False,False,False
1,0,269,0,0x015802,0x8,0,100,35,0,0,0,0,1,0,0,0,False,False,False,False,False,False
1,0,269,0,0x015800,0x8,0,100,35,0,0,0,0,1,0,0,0,False,False,False,False,False,False
1,0,270,0,0x015801,0x8,0,100,36,0,0,0,0,1,0,0,0,False,False,False,False,False,False
1,0,274,0,0x015800,0x8,0,100,36,0,0,0,0,1,0,0,0,False,False,False,False,False,False
1,0,274,0,0x015800,0x8,0,100,36,0,0,0,0,1,0,0,0,False,False,False,False,False,False
1,0,274,0,0x015801,0x8,0,100,36,0,0,0,0,1,0,0,0,False,False,False,False,False,False
1,0,274,0,0x015802,0x8,0,100,36,0,0,0,0,1,0,0,0,False,False,False,False,False,False
1,0,279,0,0x010205,0x8,0,100,35,0,0,0,0,1,0,0,0,False,False,False,False,False,False
1,0,279,0,0x010205,0x8,0,100,35,0,0,0,0,1,0,0,0,False,False,False,False,False,False
1,0,284,0,0x010205,0x8,0,100,43,0,0,0,0,1,0,0,0,False,False,False,False,False,False
1,0,284,0,0x010205,0x8,0,100,43,0,0,0,0,1,0,0,0,False,False,False,False,False,False
1,0,289,0,0x015820,0x8,0,100,43,0,0,0,0,1,0,0,0,False,False,False,False,False,False
1,0,29,0,0x010100,0x8FA,0,100,5,0,0,0,0,1,0,0,0,False,False,False,False,False,False
1,0,29,0,0x010100,0x8FA,0,100,5,0,0,0,0,1,0,0,0,False,False,False,False,False,False
1,0,29,0,0x010101,0x8FA,0,100,6,0,0,0,0,1,0,0,0,False,False,False,False,False,False
1,0,29,0,0x010103,0x8FA,0,100,6,0,0,0,0,1,0,0,0,False,False,False,False,False,False
1,0,29,0,0x010105,0x8FA,0,100,6,0,0,0,0,1,0,0,0,False,False,False,False,False,False
1,0,29,0,0x010104,0x8FA,0,100,8,0,0,0,0,1,0,0,0,False,False,False,False,False,False
1,0,294,0,0x011033,0x8FA,0,100,42,71,0,0,0,1,0,0,0,False,False,False,False,False,False
1,0,294,0,0x011030,0x8FA,0,100,42,68,0,0,0,1,0,0,0,False,False,False,False,False,False
1,0,294,0,0x011031,0x8FA,0,100,42,69,0,0,0,1,0,0,0,False,False,False,False,False,False
1,0,296,0,0x011033,0x8FA,0,100,42,71,0,0,0,1,0,0,0,False,False,False,False,False,False
1,0,296,0,0x011033,0x8FA,0,100,42,71,0,0,0,1,0,0,0,False,False,False,False,False,False
1,0,296,0,0x011030,0x8FA,0,100,42,68,0,0,0,1,0,0,0,False,False,False,False,False,False
1,0,297,0,0x011030,0x8FA,0,100,42,68,0,0,0,1,0,0,0,False,False,False,False,False,False
1,0,297,0,0x011030,0x8FA,0,100,42,68,0,0,0,1,0,0,0,False,False,False,False,False,False
1,0,297,0,0x011030,0x8FA,0,100,42,68,0,0,0,1,0,0,0,False,False,False,False,False,False
1,0,297,0,0x011032,0x8FA,0,100,42,70,0,0,0,1,0,0,0,False,False,False,False,False,False
1,0,30,0,0x015302,0x8FA,0,100,18,0,0,0,0,1,0,0,0,True,True,False,False,False,False
1,0,302,0,0x011033,0x8FA,0,100,42,71,0,0,0,1,0,0,0,False,False,False,False,False,False
1,0,302,0,0x011033,0x8FA,0,100,42,71,0,0,0,1,0,0,0,False,False,False,False,False,False
1,0,302,0,0x011031,0x8FA,0,100,42,69,0,0,0,1,0,0,0,False,False,False,False,False,False
1,0,302,0,0x011034,0x8FA,0,100,42,72,0,0,0,1,0,0,0,False,False,False,False,False,False
1,0,318,0,0x010101,0x8,0,100,2,0,0,0,0,1,0,0,0,False,False,False,False,False,False
1,0,318,0,0x010101,0x8,0,100,2,0,0,0,0,1,0,0,0,False,False,False,False,False,False
1,0,318,0,0x010100,0x8,0,100,2,0,0,0,0,1,0,0,0,False,False,False,False,False,False
1,0,318,0,0x010100,0x8,0,100,2,0,0,0,0,1,0,0,0,False,False,False,False,False,False
1,0,321,0,0x010201,0x8,0,100,41,0,0,0,0,1,0,0,0,False,False,False,False,False,False
1,0,321,0,0x010201,0x8,0,100,41,0,0,0,0,1,0,0,0,False,False,False,False,False,False
1,0,322,0,0x010600,0x8,0,100,41,0,0,0,0,1,0,0,0,False,False,False,False,False,False
1,0,322,0,0x010600,0x8,0,100,41,0,0,0,0,1,0,0,0,False,False,False,False,False,False
1,0,329,0,0x010309,0x8,0,100,41,0,0,0,0,1,0,0,0,False,False,False,False,False,False
1,0,329,0,0x010309,0x8,0,100,41,0,0,0,0,1,0,0,0,False,False,False,False,False,False
1,0,337,0,0x010201,0x8,0,100,41,0,0,0,0,1,0,0,0,False,False,False,False,False,False
1,0,337,0,0x010201,0x8,0,100,41,0,0,0,0,1,0,0,0,False,False,False,False,False,False
1,0,34,0,0x011002,0x8FA,0,100,10,47,0,0,0,1,0,0,0,False,False,False,False,False,False
1,0,34,0,0x011001,0x8FA,0,100,10,46,0,0,0,1,0,0,0,False,False,False,False,False,False
1,0,34,0,0x011004,0x8FA,0,100,10,49,0,0,0,1,0,0,0,False,False,False,False,False,False
1,0,340,0,0x015504,0x8,0,100,41,0,0,0,0,1,0,0,0,False,False,False,False,False,False
1,0,340,0,0x015504,0x8,0,100,41,0,0,0,0,1,0,0,0,False,False,False,False,False,False
1,0,341,0,0x010600,0x8,0,100,41,0,0,0,0,1,0,0,0,False,False,False,False,False,False
1,0,341,0,0x010600,0x8,0,100,41,0,0,0,0,1,0,0,0,False,False,False,False,False,False
1,0,342,0,0x010600,0x8,0,100,41,0,0,0,0,1,0,0,0,False,False,False,False,False,False
1,0,342,0,0x010600,0x8,0,100,41,0,0,0,0,1,0,0,0,False,False,False,False,False,False
1,0,342,0,0x010600,0x8,0,100,41,0,0,0,0,1,0,0,0,False,False,False,False,False,False
1,0,343,0,0x010600,0x8,0,100,41,0,0,0,0,1,0,0,0,False,False,False,False,False,False
1,0,343,0,0x010600,0x8,0,100,41,0,0,0,0,1,0,0,0,False,False,False,False,False,False
1,0,343,0,0x010600,0x8,0,100,41,0,0,0,0,1,0,0,0,False,False,False,False,False,False
1,0,349,0,0x015031,0x8FA,0,100,48,0,0,0,0,1,0,0,0,True,True,False,False,False,False
1,0,36,0,0x011000,0x8FA,0,100,6,45,0,0,0,1,0,0,0,False,False,False,False,False,False
1,0,36,0,0x011000,0x8FA,0,100,6,45,0,0,0,1,0,0,0,False,False,False,False,False,False
1,0,36,0,0x011002,0x8FA,0,100,6,47,0,0,0,1,0,0,0,False,False,False,False,False,False
1,0,36,0,0x011004,0x8FA,0,100,8,49,0,0,0,1,0,0,0,False,False,False,False,False,False
1,0,36,0,0x011003,0x8FA,0,100,7,48,0,0,0,1,0,0,0,False,False,False,False,False,False
1,0,369,0,0x011123,0x8,0,100,10,0,0,0,0,1,0,0,0,False,False,False,False,False,False
1,0,370,0,0x011123,0x8,0,100,47,0,0,0,0,1,0,0,0,False,False,False,False,False,False
1,0,370,0,0x011123,0x8,0,100,47,0,0,0,0,1,0,0,0,False,False,False,False,False,False
1,0,373,0,0x010504,0x8,0,100,47,0,0,0,0,1,0,0,0,False,False,False,False,False,False
1,0,373,0,0x010504,0x8,0,100,47,0,0,0,0,1,0,0,0,False,False,False,False,False,False
1,0,378,0,0x011012,0x8FA,0,100,45,54,0,0,0,1,0,0,0,False,False,False,False,False,False
1,0,378,0,0x011012,0x8FA,0,100,45,54,0,0,0,1,0,0,0,False,False,False,False,False,False
1,0,378,0,0x011015,0x8FA,0,100,46,57,0,0,0,1,0,0,0,False,False,False,False,False,False
1,0,38,0,0x015504,0x8,0,100,11,0,0,0,0,1,0,0,0,False,False,False,False,False,False
1,0,38,0,0x015504,0x8FA,0,100,7,0,0,0,0,1,0,0,0,False,False,False,False,False,False
1,0,38,0,0x015504,0x8FA,0,100,8,0,0,0,0,1,0,0,0,False,False,False,False,False,False
1,0,380,0,0x010208,0x8,0,100,47,0,0,0,0,1,0,0,0,False,False,False,False,False,False
1,0,380,0,0x010208,0x8,0,100,47,0,0,0,0,1,0,0,0,False,False,False,False,False,False
1,0,381,0,0x010910,0x8,0,100,47,0,0,0,0,1,0,0,0,False,False,False,False,False,False
1,0,381,0,0x010910,0x8,0,100,47,0,0,0,0,1,0,0,0,False,False,False,False,False,False
1,0,382,0,0x011010,0x8FA,0,100,46,52,0,0,0,1,0,0,0,False,False,False,False,False,False
1,0,382,0,0x011010,0x8FA,0,100,46,52,0,0,0,1,0,0,0,False,False,False,False,False,False
1,0,382,0,0x011012,0x8FA,0,100,46,54,0,0,0,1,0,0,0,False,False,False,False,False,False
1,0,384,0,0x015800,0x8,0,100,11,0,0,0,0,1,0,0,0,False,False,False,False,False,False
1,0,384,0,0x015800,0x8,0,100,11,0,0,0,0,1,0,0,0,False,False,False,False,False,False
1,0,384,0,0x015800,0x8,0,100,11,0,0,0,0,1,0,0,0,False,False,False,False,False,False
1,0,388,0,0x010208,0x8,0,100,47,0,0,0,0,1,0,0,0,False,False,False,False,False,False
1,0,388,0,0x010208,0x8,0,100,47,0,0,0,0,1,0,0,0,False,False,False,False,False,False
1,0,392,0,0x015302,0x8,0,100,48,0,0,0,0,1,0,0,0,True,False,False,False,False,False
1,0,400,0,0x010113,0x8,0,100,19,0,0,0,0,1,0,0,0,False,False,False,False,False,False
1,0,400,0,0x010114,0x8,0,100,19,0,0,0,0,1,0,0,0,False,False,False,False,False,False
1,0,400,0,0x010112,0x8,0,100,19,0,0,0,0,1,0,0,0,False,False,False,False,False,False
1,0,400,0,0x010110,0x8,0,100,19,0,0,0,0,1,0,0,0,False,False,False,False,False,False
1,0,402,0,0x011124,0x8,0,100,47,0,0,0,0,1,0,0,0,False,False,False,False,False,False
1,0,402,0,0x011014,0x8FA,0,100,46,56,0,0,0,1,0,0,0,False,False,False,False,False,False
1,0,402,0,0x011013,0x8FA,0,100,46,55,0,0,0,1,0,0,0,False,False,False,False,False,False
1,0,402,0,0x011010,0x8FA,0,100,46,52,0,0,0,1,0,0,0,False,False,False,False,False,False
1,0,403,0,0x010600,0x8,0,100,46,0,0,0,0,1,0,0,0,False,False,False,False,False,False
1,0,403,0,0x010600,0x8,0,100,46,0,0,0,0,1,0,0,0,False,False,False,False,False,False
1,0,403,0,0x010600,0x8,0,100,47,0,0,0,0,1,0,0,0,False,False,False,False,False,False
1,0,404,0,0x010208,0x8,0,100,47,0,0,0,0,1,0,0,0,False,False,False,False,False,False
1,0,404,0,0x010208,0x8,0,100,47,0,0,0,0,1,0,0,0,False,False,False,False,False,False
1,0,404,0,0x010910,0x8,0,100,47,0,0,0,0,1,0,0,0,False,False,False,False,False,False
1,0,405,0,0x010208,0x8,0,100,47,0,0,0,0,1,0,0,0,False,False,False,False,False,False
1,0,405,0,0x010208,0x8,0,100,47,0,0,0,0,1,0,0,0,False,False,False,False,False,False
1,0,44,0,0x019100,0x8,0,100,10,0,0,0,0,1,0,0,0,False,False,False,False,False,False
1,0,44,0,0x019100,0x8,0,100,10,0,0,0,0,1,0,0,0,False,False,False,False,False,False
1,0,44,0,0x019100,0x8,0,100,10,0,0,0,0,1,0,0,0,False,False,False,False,False,False
1,0,44,0,0x019100,0x8,0,100,10,0,0,0,0,1,0,0,0,False,False,False,False,False,False
1,0,44,0,0x019100,0x8,0,100,10,0,0,0,0,1,0,0,0,False,False,False,False,False,False
1,0,440,0,0x010410,0x8,0,100,45,0,0,0,0,1,0,0,0,False,False,False,False,False,False
1,0,440,0,0x010410,0x8,0,100,45,0,0,0,0,1,0,0,0,False,False,False,False,False,False
1,0,440,0,0x010410,0x8,0,100,45,0,0,0,0,1,0,0,0,False,False,False,False,False,False
1,0,448,0,0x011123,0x8,0,100,45,0,0,0,0,1,0,0,0,False,False,False,False,False,False
1,0,448,0,0x011123,0x8,0,100,45,0,0,0,0,1,0,0,0,False,False,False,False,False,False
1,0,448,0,0x011123,0x8,0,100,45,0,0,0,0,1,0,0,0,False,False,False,False,False,False
1,0,450,0,0x011123,0x8,0,100,45,0,0,0,0,1,0,0,0,False,False,False,False,False,False
1,0,450,0,0x011123,0x8,0,100,45,0,0,0,0,1,0,0,0,False,False,False,False,False,False
1,0,450,0,0x011123,0x8,0,100,45,0,0,0,0,1,0,0,0,False,False,False,False,False,False
1,0,46,0,0x018000,0x8,0,100,3,0,0,0,0,1,0,0,0,False,False,False,False,False,False
1,0,46,0,0x018000,0x8,0,100,3,0,0,0,0,1,0,0,0,False,False,False,False,False,False
1,0,46,0,0x018000,0x8,0,100,3,0,0,0,0,1,0,0,0,False,False,False,False,False,False
1,0,46,0,0x018000,0x8,0,100,3,0,0,0,0,1,0,0,0,False,False,False,False,False,False
1,0,46,0,0x018000,0x8,0,100,3,0,0,0,0,1,0,0,0,False,False,False,False,False,False
1,0,47,0,0x010400,0x8,0,100,13,0,0,0,0,1,0,0,0,False,False,False,False,False,False
1,0,47,0,0x010400,0x8,0,100,13,0,0,0,0,1,0,0,0,False,False,False,False,False,False
1,0,47,0,0x010400,0x8,0,100,13,0,0,0,0,1,0,0,0,False,False,False,False,False,False
1,0,475,0,0x011123,0x8,0,100,45,0,0,0,0,1,0,0,0,False,False,False,False,False,False
1,0,475,0,0x011123,0x8,0,100,45,0,0,0,0,1,0,0,0,False,False,False,False,False,False
1,0,475,0,0x011123,0x8,0,100,45,0,0,0,0,1,0,0,0,False,False,False,False,False,False
1,0,48,0,0x011100,0x8,0,100,12,0,0,0,0,1,0,0,0,False,False,False,False,False,False
1,0,48,0,0x011101,0x8,0,100,12,0,0,0,0,1,0,0,0,False,False,False,False,False,False
1,0,48,0,0x011102,0x8,0,100,12,0,0,0,0,1,0,0,0,False,False,False,False,False,False
1,0,48,0,0x015504,0x8,0,100,14,0,0,0,0,1,0,0,0,False,False,False,False,False,False
1,0,480,0,0x011200,0x8,0,100,7,0,0,0,0,1,0,0,0,False,False,False,False,False,False
1,0,484,0,0x011200,0x8,0,100,1,0,0,0,0,1,0,0,0,False,False,False,False,False,False
1,0,486,0,0x011000,0x8FA,0,100,7,45,0,0,0,1,0,0,0,False,False,False,False,False,False
1,0,486,0,0x011001,0x8FA,0,100,7,46,0,0,0,1,0,0,0,False,False,False,False,False,False
1,0,486,0,0x011003,0x8FA,0,100,7,48,0,0,0,1,0,0,0,False,False,False,False,False,False
1,0,487,0,0x010502,0x8,0,100,29,0,0,0,0,1,0,0,0,False,False,False,False,False,False
1,0,487,0,0x010502,0x8,0,100,29,0,0,0,0,1,0,0,0,False,False,False,False,False,False
1,0,487,0,0x010500,0x8,0,100,29,0,0,0,0,1,0,0,0,False,False,False,False,False,False
1,0,488,0,0x010309,0x8,0,100,30,0,0,0,0,1,0,0,0,False,False,False,False,False,False
1,0,488,0,0x010309,0x8,0,100,30,0,0,0,0,1,0,0,0,False,False,False,False,False,False
1,0,489,0,0x010502,0x8,0,100,28,0,0,0,0,1,0,0,0,False,False,False,False,False,False
1,0,489,0,0x010503,0x8,0,100,29,0,0,0,0,1,0,0,0,False,False,False,False,False,False
1,0,489,0,0x010503,0x8,0,100,28,0,0,0,0,1,0,0,0,False,False,False,False,False,False
1,0,497,0,0x010500,0x8,0,100,29,0,0,0,0,1,0,0,0,False,False,False,False,False,False
1,0,497,0,0x010501,0x8,0,100,29,0,0,0,0,1,0,0,0,False,False,False,False,False,False
1,0,497,0,0x010501,0x8,0,100,29,0,0,0,0,1,0,0,0,False,False,False,False,False,False
1,0,499,0,0x010800,0x8,0,100,22,0,0,0,0,1,0,0,0,False,False,False,False,False,False
1,0,499,0,0x010800,0x8,0,100,23,0,0,0,0,1,0,0,0,False,False,False,False,False,False
1,0,500,0,0x018300,0x8,0,100,10,0,0,0,0,1,0,0,0,False,False,False,False,False,False
1,0,500,0,0x018300,0x8,0,100,10,0,0,0,0,1,0,0,0,False,False,False,False,False,False
1,0,500,0,0x018300,0x8,0,100,10,0,0,0,0,1,0,0,0,False,False,False,False,False,False
1,0,500,0,0x018300,0x8,0,100,10,0,0,0,0,1,0,0,0,False,False,False,False,False,False
1,0,500,0,0x018300,0x8,0,100,10,0,0,0,0,1,0,0,0,False,False,False,False,False,False
1,0,501,0,0x010502,0x8,0,100,30,0,0,0,0,1,0,0,0,False,False,False,False,False,False
1,0,501,0,0x010502,0x8,0,100,30,0,0,0,0,1,0,0,0,False,False,False,False,False,False
1,0,501,0,0x010501,0x8,0,100,28,0,0,0,0,1,0,0,0,False,False,False,False,False,False
1,0,503,0,0x015504,0x8,0,100,29,0,0,0,0,1,0,0,0,False,False,False,False,False,False
1,0,504,0,0x010601,0x8,0,100,27,0,0,0,0,1,0,0,0,False,False,False,False,False,False
1,0,504,0,0x010601,0x8,0,100,27,0,0,0,0,1,0,0,0,False,False,False,False,False,False
1,0,504,0,0x015504,0x8,0,100,28,0,0,0,0,1,0,0,0,False,False,False,False,False,False
1,0,505,0,0x010201,0x8,0,100,29,0,0,0,0,1,0,0,0,False,False,False,False,False,False
1,0,505,0,0x010201,0x8,0,100,29,0,0,0,0,1,0,0,0,False,False,False,False,False,False
1,0,505,0,0x010201,0x8,0,100,29,0,0,0,0,1,0,0,0,False,False,False,False,False,False
1,0,507,0,0x010410,0x8,0,100,28,0,0,0,0,1,0,0,0,False,False,False,False,False,False
1,0,507,0,0x010410,0x8,0,100,28,0,0,0,0,1,0,0,0,False,False,False,False,False,False
1,0,507,0,0x010410,0x8,0,100,28,0,0,0,0,1,0,0,0,False,False,False,False,False,False
1,0,508,0,0x010410,0x8,0,100,29,0,0,0,0,1,0,0,0,False,False,False,False,False,False
1,0,508,0,0x010410,0x8,0,100,29,0,0,0,0,1,0,0,0,False,False,False,False,False,False
1,0,509,0,0x010110,0x8,0,100,28,0,0,0,0,1,0,0,0,False,False,False,False,False,False
1,0,509,0,0x010110,0x8,0,100,28,0,0,0,0,1,0,0,0,False,False,False,False,False,False
1,0,509,0,0x010601,0x8,0,100,29,0,0,0,0,1,0,0,0,False,False,False,False,False,False
1,0,509,0,0x010601,0x8,0,100,29,0,0,0,0,1,0,0,0,False,False,False,False,False,False
1,0,510,0,0x010800,0x8,0,100,22,0,0,0,0,1,0,0,0,False,False,False,False,False,False
1,0,510,0,0x010800,0x8,0,100,23,0,0,0,0,1,0,0,0,False,False,False,False,False,False
1,0,52,0,0x010200,0x8,0,100,3,0,0,0,0,1,0,0,0,False,False,False,False,False,False
1,0,52,0,0x010200,0x8,0,100,3,0,0,0,0,1,0,0,0,False,False,False,False,False,False
1,0,52,0,0x010200,0x8,0,100,3,0,0,0,0,1,0,0,0,False,False,False,False,False,False
1,0,52,0,0x010200,0x8,0,100,3,0,0,0,0,1,0,0,0,False,False,False,False,False,False
1,0,53,0,0x010300,0x8FA,0,100,13,0,0,0,0,1,0,0,0,False,False,False,False,False,False
1,0,53,0,0x010300,0x8FA,0,100,13,0,0,0,0,1,0,0,0,False,False,False,False,False,False
1,0,53,0,0x010300,0x8FA,0,100,13,0,0,0,0,1,0,0,0,False,False,False,False,False,False
1,0,53,0,0x010300,0x8FA,0,100,13,0,0,0,0,1,0,0,0,False,False,False,False,False,False
1,0,53,0,0x010300,0x8FA,0,100,13,0,0,0,0,1,0,0,0,False,False,False,False,False,False
1,0,54,0,0x010300,0x8,0,100,13,0,0,0,0,1,0,0,0,False,False,False,False,False,False
1,0,54,0,0x010300,0x8,0,100,13,0,0,0,0,1,0,0,0,False,False,False,False,False,False
1,0,54,0,0x010300,0x8,0,100,13,0,0,0,0,1,0,0,0,False,False,False,False,False,False
1,0,54,0,0x010300,0x8FA,0,100,13,0,0,0,0,1,0,0,0,False,False,False,False,False,False
1,0,54,0,0x010300,0x8FA,0,100,13,0,0,0,0,1,0,0,0,False,False,False,False,False,False
1,0,72,0,0x015502,0x8,0,100,12,0,0,0,0,1,0,0,0,False,False,False,False,False,False
1,0,74,0,0x010200,0x8FA,0,100,8,0,0,0,0,1,0,0,0,False,False,False,False,False,False
1,0,74,0,0x010200,0x8FA,0,100,8,0,0,0,0,1,0,0,0,False,False,False,False,False,False
1,0,74,0,0x010200,0x8FA,0,100,8,0,0,0,0,1,0,0,0,False,False,False,False,False,False
1,0,74,0,0x010200,0x8FA,0,100,8,0,0,0,0,1,0,0,0,False,False,False,False,False,False
1,0,74,0,0x010200,0x8FA,0,100,8,0,0,0,0,1,0,0,0,False,False,False,False,False,False
1,0,76,0,0x011100,0x8FA,0,100,10,0,0,0,0,1,0,0,0,False,False,False,False,False,False
1,0,76,0,0x011100,0x8FA,0,100,10,0,0,0,0,1,0,0,0,False,False,False,False,False,False
1,0,76,0,0x011101,0x8FA,0,100,10,0,0,0,0,1,0,0,0,False,False,False,False,False,False
1,0,76,0,0x011101,0x8FA,0,100,10,0,0,0,0,1,0,0,0,False,False,False,False,False,False
1,0,76,0,0x011102,0x8FA,0,100,10,0,0,0,0,1,0,0,0,False,False,False,False,False,False
1,0,76,0,0x011102,0x8FA,0,100,10,0,0,0,0,1,0,0,0,False,False,False,False,False,False
1,0,77,0,0x011100,0x8FA,0,100,10,0,0,0,0,1,0,0,0,False,False,False,False,False,False
1,0,77,0,0x011100,0x8FA,0,100,10,0,0,0,0,1,0,0,0,False,False,False,False,False,False
1,0,77,0,0x011100,0x8FA,0,100,10,0,0,0,0,1,0,0,0,False,False,False,False,False,False
1,0,77,0,0x011101,0x8FA,0,100,10,0,0,0,0,1,0,0,0,False,False,False,False,False,False
1,0,77,0,0x011102,0x8FA,0,100,10,0,0,0,0,1,0,0,0,False,False,False,False,False,False
1,0,77,0,0x011102,0x8FA,0,100,10,0,0,0,0,1,0,0,0,False,False,False,False,False,False
1,0,85,0,0x011000,0x8FA,0,100,11,45,0,0,0,1,0,0,0,False,False,False,False,False,False
1,0,85,0,0x011005,0x8FA,0,100,11,50,0,0,0,1,0,0,0,False,False,False,False,False,False
1,0,88,0,0x010301,0x8,0,100,13,0,0,0,0,1,0,0,0,False,False,False,False,False,False
1,0,88,0,0x010308,0x8,0,100,12,0,0,0,0,1,0,0,0,False,False,False,False,False,False
1,0,88,0,0x010301,0x8,0,100,13,0,0,0,0,1,0,0,0,False,False,False,False,False,False
1,0,89,0,0x010400,0x8,0,100,13,0,0,0,0,1,0,0,0,False,False,False,False,False,False
1,0,89,0,0x010400,0x8,0,100,13,0,0,0,0,1,0,0,0,False,False,False,False,False,False
1,0,90,0,0x010200,0x8,0,100,7,0,0,0,0,1,0,0,0,False,False,False,False,False,False
1,0,90,0,0x010200,0x8,0,100,7,0,0,0,0,1,0,0,0,False,False,False,False,False,False
1,0,90,0,0x010200,0x8,0,100,7,0,0,0,0,1,0,0,0,False,False,False,False,False,False
1,0,93,0,0x010114,0x8,0,100,10,0,0,0,0,1,0,0,0,False,False,False,False,False,False
1,0,93,0,0x010110,0x8,0,100,16,0,0,0,0,1,0,0,0,False,False,False,False,False,False
1,0,93,0,0x010112,0x8,0,100,10,0,0,0,0,1,0,0,0,False,False,False,False,False,False
1,0,93,0,0x010110,0x8,0,100,10,0,0,0,0,1,0,0,0,False,False,False,False,False,False
1,0,94,0,0x011001,0x8FA,0,100,11,46,0,0,0,1,0,0,0,False,False,False,False,False,False
1,0,94,0,0x011002,0x8FA,0,100,11,47,0,0,0,1,0,0,0,False,False,False,False,False,False
335,0,1,0,0x010603,0x8FA,0,100,58,0,0,0,0,1,0,0,0,False,False,False,False,False,False
335,0,1,0,0x010603,0x8FA,0,100,58,0,0,0,0,1,0,0,0,False,False,False,False,False,False
335,0,1,0,0x010603,0x8FA,0,100,58,0,0,0,0,1,0,0,0,False,False,False,False,False,False
335,0,1,0,0x010603,0x8FA,0,100,58,0,0,0,0,1,0,0,0,False,False,False,False,False,False
335,0,1,0,0x010603,0x8FA,0,100,58,0,0,0,0,1,0,0,0,False,False,False,False,False,False
335,0,1,0,0x010603,0x8FA,0,100,58,0,0,0,0,1,0,0,0,False,False,False,False,False,False
335,0,1,0,0x015709,0x295,0,100,68,0,0,0,0,1,0,0,0,True,True,False,False,False,False
335,0,3,0,0x010160,0x8FA,0,100,62,0,0,0,0,1,0,0,0,False,False,False,False,False,False
335,0,3,0,0x010160,0x8FA,0,100,62,0,0,0,0,1,0,0,0,False,False,False,False,False,False
335,0,3,0,0x010160,0x8FA,0,100,62,0,0,0,0,1,0,0,0,False,False,False,False,False,False
335,0,3,0,0x010161,0x8FA,0,100,62,0,0,0,0,1,0,0,0,False,False,False,False,False,False
335,0,3,0,0x010161,0x8FA,0,100,62,0,0,0,0,1,0,0,0,False,False,False,False,False,False
335,0,3,0,0x010162,0x8FA,0,100,62,0,0,0,0,1,0,0,0,False,False,False,False,False,False
335,0,4,0,0x015012,0x8FA,0,100,65,0,0,0,0,1,0,0,0,True,True,False,False,False,False
335,0,4,0,0x010160,0x8FA,0,100,56,0,0,0,0,1,0,0,0,False,False,False,False,False,False
335,0,4,0,0x010160,0x8FA,0,100,56,0,0,0,0,1,0,0,0,False,False,False,False,False,False
335,0,4,0,0x010160,0x8FA,0,100,56,0,0,0,0,1,0,0,0,False,False,False,False,False,False
335,0,4,0,0x010162,0x8FA,0,100,56,0,0,0,0,1,0,0,0,False,False,False,False,False,False
335,0,5,0,0x010160,0x8FA,0,100,55,0,0,0,0,1,0,0,0,False,False,False,False,False,False
335,0,5,0,0x010160,0x8FA,0,100,55,0,0,0,0,1,0,0,0,False,False,False,False,False,False
335,0,5,0,0x010161,0x8FA,0,100,55,0,0,0,0,1,0,0,0,False,False,False,False,False,False
335,0,5,0,0x010209,0x8FA,0,100,57,0,0,0,0,1,0,0,0,False,False,False,False,False,False
335,0,5,0,0x010209,0x8FA,0,100,57,0,0,0,0,1,0,0,0,False,False,False,False,False,False
335,0,5,0,0x010209,0x8FA,0,100,57,0,0,0,0,1,0,0,0,False,False,False,False,False,False
335,0,6,0,0x010209,0x8FA,0,100,57,0,0,0,0,1,0,0,0,False,False,False,False,False,False
335,0,6,0,0x010209,0x8FA,0,100,57,0,0,0,0,1,0,0,0,False,False,False,False,False,False
335,0,6,0,0x010209,0x8FA,0,100,57,0,0,0,0,1,0,0,0,False,False,False,False,False,False
335,0,7,0,0x010430,0x8FA,0,100,60,0,0,0,0,1,0,0,0,False,False,False,False,False,False
335,0,7,0,0x010430,0x8FA,0,100,60,0,0,0,0,1,0,0,0,False,False,False,False,False,False
335,0,7,0,0x010430,0x8FA,0,100,60,0,0,0,0,1,0,0,0,False,False,False,False,False,False
335,0,7,0,0x010430,0x8FA,0,100,60,0,0,0,0,1,0,0,0,False,False,False,False,False,False
335,0,7,0,0x010430,0x8FA,0,100,60,0,0,0,0,1,0,0,0,False,False,False,False,False,False
335,0,8,0,0x010430,0x8FA,0,100,60,0,0,0,0,1,0,0,0,False,False,False,False,False,False
335,0,8,0,0x010430,0x8FA,0,100,60,0,0,0,0,1,0,0,0,False,False,False,False,False,False
335,0,8,0,0x010430,0x8FA,0,100,60,0,0,0,0,1,0,0,0,False,False,False,False,False,False
335,0,8,0,0x010430,0x8FA,0,100,60,0,0,0,0,1,0,0,0,False,False,False,False,False,False
335,0,8,0,0x010430,0x8FA,0,100,60,0,0,0,0,1,0,0,0,False,False,False,False,False,False
335,0,9,0,0x010612,0x8FA,0,100,53,0,0,0,0,1,0,0,0,False,False,False,False,False,False
335,0,9,0,0x010612,0x8FA,0,100,53,0,0,0,0,1,0,0,0,False,False,False,False,False,False
335,0,9,0,0x010612,0x8FA,0,100,53,0,0,0,0,1,0,0,0,False,False,False,False,False,False
335,0,9,0,0x010612,0x8FA,0,100,53,0,0,0,0,1,0,0,0,False,False,False,False,False,False
335,0,9,0,0x010162,0x8FA,0,100,55,0,0,0,0,1,0,0,0,False,False,False,False,False,False
335,0,9,0,0x010162,0x8FA,0,100,55,0,0,0,0,1,0,0,0,False,False,False,False,False,False
335,0,9,0,0x010161,0x8FA,0,100,54,0,0,0,0,1,0,0,0,False,False,False,False,False,False
335,0,9,0,0x010161,0x8FA,0,100,54,0,0,0,0,1,0,0,0,False,False,False,False,False,False
335,0,9,0,0x010160,0x8FA,0,100,53,0,0,0,0,1,0,0,0,False,False,False,False,False,False
335,0,9,0,0x010160,0x8FA,0,100,53,0,0,0,0,1,0,0,0,False,False,False,False,False,False
336,0,2,0,0x015303,0x8FA,0,100,69,0,0,0,0,1,0,0,0,True,True,False,False,False,False
336,0,3,0,0x010612,0x8FA,0,100,56,0,0,0,0,1,0,0,0,False,False,False,False,False,False
336,0,3,0,0x010612,0x8FA,0,100,56,0,0,0,0,1,0,0,0,False,False,False,False,False,False
336,0,3,0,0x010612,0x8FA,0,100,56,0,0,0,0,1,0,0,0,False,False,False,False,False,False
336,0,3,0,0x010612,0x8FA,0,100,56,0,0,0,0,1,0,0,0,False,False,False,False,False,False
336,0,3,0,0x010612,0x8FA,0,100,56,0,0,0,0,1,0,0,0,False,False,False,False,False,False
336,0,3,0,0x010612,0x8FA,0,100,56,0,0,0,0,1,0,0,0,False,False,False,False,False,False
336,0,4,0,0x010209,0x8FA,0,100,64,0,0,0,0,1,0,0,0,False,False,False,False,False,False
336,0,4,0,0x010209,0x8FA,0,100,64,0,0,0,0,1,0,0,0,False,False,False,False,False,False
336,0,4,0,0x010209,0x8FA,0,100,64,0,0,0,0,1,0,0,0,False,False,False,False,False,False
336,0,4,0,0x010209,0x8FA,0,100,64,0,0,0,0,1,0,0,0,False,False,False,False,False,False
336,0,4,0,0x010209,0x8FA,0,100,64,0,0,0,0,1,0,0,0,False,False,False,False,False,False
336,0,5,0,0x010160,0x8FA,0,100,64,0,0,0,0,1,0,0,0,False,False,False,False,False,False
336,0,5,0,0x010160,0x8FA,0,100,64,0,0,0,0,1,0,0,0,False,False,False,False,False,False
336,0,5,0,0x010161,0x8FA,0,100,66,0,0,0,0,1,0,0,0,False,False,False,False,False,False
336,0,5,0,0x010161,0x8FA,0,100,66,0,0,0,0,1,0,0,0,False,False,False,False,False,False
336,0,5,0,0x010162,0x8FA,0,100,65,0,0,0,0,1,0,0,0,False,False,False,False,False,False
336,0,5,0,0x010162,0x8FA,0,100,65,0,0,0,0,1,0,0,0,False,False,False,False,False,False
336,0,5,0,0x010530,0x8FA,0,100,68,0,0,0,0,1,0,0,0,True,True,False,False,False,False
337,0,2,0,0x010160,0x8FA,0,100,64,0,0,0,0,1,0,0,0,False,False,False,False,False,False
337,0,2,0,0x010160,0x8FA,0,100,64,0,0,0,0,1,0,0,0,False,False,False,False,False,False
337,0,2,0,0x010161,0x8FA,0,100,66,0,0,0,0,1,0,0,0,False,False,False,False,False,False
337,0,2,0,0x010161,0x8FA,0,100,66,0,0,0,0,1,0,0,0,False,False,False,False,False,False
337,0,2,0,0x010162,0x8FA,0,100,65,0,0,0,0,1,0,0,0,False,False,False,False,False,False
433,0,0,0,0x010321,0x8FA,0,100,62,0,0,0,0,1,0,0,0,False,False,False,False,False,False
433,0,0,0,0x010321,0x8FA,0,100,62,0,0,0,0,1,0,0,0,False,False,False,False,False,False
433,0,0,0,0x010315,0x8FA,0,100,60,0,0,0,0,1,0,0,0,False,False,False,False,False,False
433,0,0,0,0x010315,0x8FA,0,100,60,0,0,0,0,1,0,0,0,False,False,False,False,False,False
433,0,0,0,0x010315,0x8FA,0,100,60,0,0,0,0,1,0,0,0,False,False,False,False,False,False
433,0,0,0,0x010315,0x8FA,0,100,60,0,0,0,0,1,0,0,0,False,False,False,False,False,False
433,0,3,0,0x010315,0x8FA,0,100,62,0,0,0,0,1,0,0,0,False,False,False,False,False,False
433,0,3,0,0x010315,0x8FA,0,100,62,0,0,0,0,1,0,0,0,False,False,False,False,False,False
433,0,3,0,0x010315,0x8FA,0,100,62,0,0,0,0,1,0,0,0,False,False,False,False,False,False
433,0,3,0,0x010315,0x8FA,0,100,62,0,0,0,0,1,0,0,0,False,False,False,False,False,False
433,0,3,0,0x010511,0x8FA,0,100,64,0,0,0,0,1,0,0,0,False,False,False,False,False,False
433,0,3,0,0x010512,0x8FA,0,100,64,0,0,0,0,1,0,0,0,False,False,False,False,False,False
433,0,3,0,0x010321,0x8FA,0,100,66,0,0,0,0,1,0,0,0,False,False,False,False,False,False
433,0,11,0,0x010209,0x8FA,0,100,57,0,0,0,0,1,0,0,0,False,False,False,False,False,False
433,0,11,0,0x010209,0x8FA,0,100,57,0,0,0,0,1,0,0,0,False,False,False,False,False,False
433,0,11,0,0x010209,0x8FA,0,100,57,0,0,0,0,1,0,0,0,False,False,False,False,False,False
444,0,5,0,0x010160,0x8FA,0,100,61,0,0,0,0,1,0,0,0,False,False,False,False,False,False
444,0,5,0,0x010161,0x8FA,0,100,63,0,0,0,0,1,0,0,0,False,False,False,False,False,False
444,0,5,0,0x010161,0x8FA,0,100,63,0,0,0,0,1,0,0,0,False,False,False,False,False,False
444,0,5,0,0x010162,0x8FA,0,100,61,0,0,0,0,1,0,0,0,False,False,False,False,False,False
